			Fahrtenschl¸ssel	05:23	05:33	06:12	06:14	06:18	06:33	06:48	07:03	07:18	07:33	07:48	08:03	08:18	08:33	08:48	09:03	09:18	09:33	09:48	10:00	10:10	10:20	10:30	10:40	10:50	11:00	11:10	11:20	11:30	11:40	11:50	12:00	12:10	12:20	12:30	12:40	12:50	13:00	13:10	13:20	13:30	13:40	13:50	14:00	14:10	14:20	14:30	14:40	14:50	15:00	15:10	15:20	15:30	15:40	15:50	16:03	16:18	16:33	16:48	17:03	17:18	17:33	17:48	18:03	18:18	18:33	18:48	19:03	19:18	19:33	19:48	20:32	20:34	21:02	21:04	21:32	21:34	22:02	22:04	22:32	22:34	23:02	23:04	23:32	23:34	24:02	24:04	24:06	24:25	24:32	24:55
			Verkehrsbeschr‰nkung																																																																																											
			Hinweis																																																																																											
			Transportgef‰ﬂtyp	10	20	10	10	10	10	10	10	10	10	10	10	10	20	10	10	10	10	10	10	10	10	10	10	10	10	10	20	10	10	10	10	10	10	10	10	10	10	10	10	10	10	10	10	10	20	10	10	10	10	10	10	10	10	10	10	10	10	10	10	20	10	10	10	10	10	10	10	10	10	10	10	10	10	10	10	10	10	10	10	10	10	10	10	10	10	10	10	10	10	10
1	1240	Universit‰t S¸d	1	    -	 05.33	    -	 06.03	 06.18	 06.33	 06.48	 07.03	 07.18	 07.33	 07.48	 08.03	 08.18	 08.33	 08.48	 09.03	 09.18	 09.33	 09.48	 10.00	 10.10	 10.20	 10.30	 10.40	 10.50	 11.00	 11.10	 11.20	 11.30	 11.40	 11.50	 12.00	 12.10	 12.20	 12.30	 12.40	 12.50	 13.00	 13.10	 13.20	 13.30	 13.40	 13.50	 14.00	 14.10	 14.20	 14.30	 14.40	 14.50	 15.00	 15.10	 15.20	 15.30	 15.40	 15.50	 16.03	 16.18	 16.33	 16.48	 17.03	 17.18	 17.33	 17.48	 18.03	 18.18	 18.33	 18.48	 19.03	 19.18	 19.33	 19.48	    -	 20.03	    -	 20.25	    -	 20.55	    -	 21.25	    -	 21.55	    -	 22.25	    -	 22.55	    -	 23.25	 23.55	 24.25	    -	 24.55
2	1241	Botanischer Garten	1	    -	 05.34	    -	 06.04	 06.19	 06.34	 06.49	 07.04	 07.19	 07.34	 07.49	 08.04	 08.19	 08.34	 08.49	 09.04	 09.19	 09.34	 09.49	 10.01	 10.11	 10.21	 10.31	 10.41	 10.51	 11.01	 11.11	 11.21	 11.31	 11.41	 11.51	 12.01	 12.11	 12.21	 12.31	 12.41	 12.51	 13.01	 13.11	 13.21	 13.31	 13.41	 13.51	 14.01	 14.11	 14.21	 14.31	 14.41	 14.51	 15.01	 15.11	 15.21	 15.31	 15.41	 15.51	 16.04	 16.19	 16.34	 16.49	 17.04	 17.19	 17.34	 17.49	 18.04	 18.19	 18.34	 18.49	 19.04	 19.19	 19.34	 19.49	    -	 20.04	    -	 20.26	    -	 20.56	    -	 21.26	    -	 21.56	    -	 22.26	    -	 22.56	    -	 23.26	 23.56	 24.26	    -	 24.56
3	1244	Staudingerstraﬂe	1	    -	 05.35	    -	 06.05	 06.20	 06.35	 06.50	 07.05	 07.20	 07.35	 07.50	 08.05	 08.20	 08.35	 08.50	 09.05	 09.20	 09.35	 09.50	 10.02	 10.12	 10.22	 10.32	 10.42	 10.52	 11.02	 11.12	 11.22	 11.32	 11.42	 11.52	 12.02	 12.12	 12.22	 12.32	 12.42	 12.52	 13.02	 13.12	 13.22	 13.32	 13.42	 13.52	 14.02	 14.12	 14.22	 14.32	 14.42	 14.52	 15.02	 15.12	 15.22	 15.32	 15.42	 15.52	 16.05	 16.20	 16.35	 16.50	 17.05	 17.20	 17.35	 17.50	 18.05	 18.20	 18.35	 18.50	 19.05	 19.20	 19.35	 19.50	    -	 20.05	    -	 20.27	    -	 20.57	    -	 21.27	    -	 21.57	    -	 22.27	    -	 22.57	    -	 23.27	 23.57	 24.27	    -	 24.57
4	1245	Kliniken Wissenschaftsstadt	1	    -	 05.36	    -	 06.06	 06.21	 06.36	 06.51	 07.06	 07.21	 07.36	 07.51	 08.06	 08.21	 08.36	 08.51	 09.06	 09.21	 09.36	 09.51	 10.03	 10.13	 10.23	 10.33	 10.43	 10.53	 11.03	 11.13	 11.23	 11.33	 11.43	 11.53	 12.03	 12.13	 12.23	 12.33	 12.43	 12.53	 13.03	 13.13	 13.23	 13.33	 13.43	 13.53	 14.03	 14.13	 14.23	 14.33	 14.43	 14.53	 15.03	 15.13	 15.23	 15.33	 15.43	 15.53	 16.06	 16.21	 16.36	 16.51	 17.06	 17.21	 17.36	 17.51	 18.06	 18.21	 18.36	 18.51	 19.06	 19.21	 19.36	 19.51	    -	 20.06	    -	 20.28	    -	 20.58	    -	 21.28	    -	 21.58	    -	 22.28	    -	 22.58	    -	 23.28	 23.58	 24.28	    -	 24.58
5	1245	Kliniken Wissenschaftsstadt	1	    -	 05.37	    -	 06.07	 06.22	 06.37	 06.52	 07.07	 07.22	 07.37	 07.52	 08.07	 08.22	 08.37	 08.52	 09.07	 09.22	 09.37	 09.52	 10.06	 10.16	 10.26	 10.36	 10.46	 10.56	 11.06	 11.16	 11.26	 11.36	 11.46	 11.56	 12.06	 12.16	 12.26	 12.36	 12.46	 12.56	 13.06	 13.16	 13.26	 13.36	 13.46	 13.56	 14.06	 14.16	 14.26	 14.36	 14.46	 14.56	 15.06	 15.16	 15.26	 15.36	 15.46	 15.56	 16.07	 16.22	 16.37	 16.52	 17.07	 17.22	 17.37	 17.52	 18.07	 18.22	 18.37	 18.52	 19.07	 19.22	 19.37	 19.52	    -	 20.23	    -	 20.53	    -	 21.23	    -	 21.53	    -	 22.23	    -	 22.53	    -	 23.23	    -	 23.53	 24.23	 24.28	    -	 24.58
6	1246	Universit‰t West	1	    -	 05.38	    -	 06.08	 06.23	 06.38	 06.53	 07.08	 07.23	 07.38	 07.53	 08.08	 08.23	 08.38	 08.53	 09.08	 09.23	 09.38	 09.53	 10.07	 10.17	 10.27	 10.37	 10.47	 10.57	 11.07	 11.17	 11.27	 11.37	 11.47	 11.57	 12.07	 12.17	 12.27	 12.37	 12.47	 12.57	 13.07	 13.17	 13.27	 13.37	 13.47	 13.57	 14.07	 14.17	 14.27	 14.37	 14.47	 14.57	 15.07	 15.17	 15.27	 15.37	 15.47	 15.57	 16.08	 16.23	 16.38	 16.53	 17.08	 17.23	 17.38	 17.53	 18.08	 18.23	 18.38	 18.53	 19.08	 19.23	 19.38	 19.53	    -	 20.24	    -	 20.54	    -	 21.24	    -	 21.54	    -	 22.24	    -	 22.54	    -	 23.24	    -	 23.54	 24.24	 24.29	    -	 24.59
7	1247	Wilhelm-Runge-Straﬂe	1	    -	 05.39	    -	 06.09	 06.24	 06.39	 06.54	 07.09	 07.24	 07.39	 07.54	 08.09	 08.24	 08.39	 08.54	 09.09	 09.24	 09.39	 09.54	 10.08	 10.18	 10.28	 10.38	 10.48	 10.58	 11.08	 11.18	 11.28	 11.38	 11.48	 11.58	 12.08	 12.18	 12.28	 12.38	 12.48	 12.58	 13.08	 13.18	 13.28	 13.38	 13.48	 13.58	 14.08	 14.18	 14.28	 14.38	 14.48	 14.58	 15.08	 15.18	 15.28	 15.38	 15.48	 15.58	 16.09	 16.24	 16.39	 16.54	 17.09	 17.24	 17.39	 17.54	 18.09	 18.24	 18.39	 18.54	 19.09	 19.24	 19.39	 19.54	    -	 20.25	    -	 20.55	    -	 21.25	    -	 21.55	    -	 22.25	    -	 22.55	    -	 23.25	    -	 23.55	 24.25	 24.30	    -	 25.00
8	1248	Hochschule Eselsberg	1	    -	 05.40	    -	 06.10	 06.25	 06.40	 06.55	 07.10	 07.25	 07.40	 07.55	 08.10	 08.25	 08.40	 08.55	 09.10	 09.25	 09.40	 09.55	 10.09	 10.19	 10.29	 10.39	 10.49	 10.59	 11.09	 11.19	 11.29	 11.39	 11.49	 11.59	 12.09	 12.19	 12.29	 12.39	 12.49	 12.59	 13.09	 13.19	 13.29	 13.39	 13.49	 13.59	 14.09	 14.19	 14.29	 14.39	 14.49	 14.59	 15.09	 15.19	 15.29	 15.39	 15.49	 15.59	 16.10	 16.25	 16.40	 16.55	 17.10	 17.25	 17.40	 17.55	 18.10	 18.25	 18.40	 18.55	 19.10	 19.25	 19.40	 19.55	    -	 20.26	    -	 20.56	    -	 21.26	    -	 21.56	    -	 22.26	    -	 22.56	    -	 23.26	    -	 23.56	 24.26	 24.31	    -	 25.01
9	1254	Lise-Meitner-Straﬂe	2	    -	 05.41	    -	 06.11	 06.26	 06.41	 06.56	 07.11	 07.26	 07.41	 07.56	 08.11	 08.26	 08.41	 08.56	 09.11	 09.26	 09.41	 09.56	 10.10	 10.20	 10.30	 10.40	 10.50	 11.00	 11.10	 11.20	 11.30	 11.40	 11.50	 12.00	 12.10	 12.20	 12.30	 12.40	 12.50	 13.00	 13.10	 13.20	 13.30	 13.40	 13.50	 14.00	 14.10	 14.20	 14.30	 14.40	 14.50	 15.00	 15.10	 15.20	 15.30	 15.40	 15.50	 16.00	 16.11	 16.26	 16.41	 16.56	 17.11	 17.26	 17.41	 17.56	 18.11	 18.26	 18.41	 18.56	 19.11	 19.26	 19.41	 19.56	    -	 20.26	    -	 20.56	    -	 21.26	    -	 21.56	    -	 22.26	    -	 22.56	    -	 23.26	    -	 23.56	 24.26	 24.31	    -	 25.01
10	1258	Sonnenfeld	2	    -	 05.42	    -	 06.12	 06.27	 06.42	 06.57	 07.12	 07.27	 07.42	 07.57	 08.12	 08.27	 08.42	 08.57	 09.12	 09.27	 09.42	 09.57	 10.11	 10.21	 10.31	 10.41	 10.51	 11.01	 11.11	 11.21	 11.31	 11.41	 11.51	 12.01	 12.11	 12.21	 12.31	 12.41	 12.51	 13.01	 13.11	 13.21	 13.31	 13.41	 13.51	 14.01	 14.11	 14.21	 14.31	 14.41	 14.51	 15.01	 15.11	 15.21	 15.31	 15.41	 15.51	 16.01	 16.12	 16.27	 16.42	 16.57	 17.12	 17.27	 17.42	 17.57	 18.12	 18.27	 18.42	 18.57	 19.12	 19.27	 19.42	 19.57	    -	 20.27	    -	 20.57	    -	 21.27	    -	 21.57	    -	 22.27	    -	 22.57	    -	 23.27	    -	 23.57	 24.27	 24.32	    -	 25.02
11	1257	Sˆflinger Weinberge	2	 05.23	 05.43	    -	 06.13	 06.28	 06.43	 06.58	 07.13	 07.28	 07.43	 07.58	 08.13	 08.28	 08.43	 08.58	 09.13	 09.28	 09.43	 09.58	 10.12	 10.22	 10.32	 10.42	 10.52	 11.02	 11.12	 11.22	 11.32	 11.42	 11.52	 12.02	 12.12	 12.22	 12.32	 12.42	 12.52	 13.02	 13.12	 13.22	 13.32	 13.42	 13.52	 14.02	 14.12	 14.22	 14.32	 14.42	 14.52	 15.02	 15.12	 15.22	 15.32	 15.42	 15.52	 16.02	 16.13	 16.28	 16.43	 16.58	 17.13	 17.28	 17.43	 17.58	 18.13	 18.28	 18.43	 18.58	 19.13	 19.28	 19.43	 19.58	    -	 20.28	    -	 20.58	    -	 21.28	    -	 21.58	    -	 22.28	    -	 22.58	    -	 23.28	    -	 23.58	 24.28	    -	    -	    -
12	1256	Virchowstraﬂe	2	 05.24	 05.44	    -	 06.14	 06.29	 06.44	 06.59	 07.14	 07.29	 07.44	 07.59	 08.14	 08.29	 08.44	 08.59	 09.14	 09.29	 09.44	 09.59	 10.13	 10.23	 10.33	 10.43	 10.53	 11.03	 11.13	 11.23	 11.33	 11.43	 11.53	 12.03	 12.13	 12.23	 12.33	 12.43	 12.53	 13.03	 13.13	 13.23	 13.33	 13.43	 13.53	 14.03	 14.13	 14.23	 14.33	 14.43	 14.53	 15.03	 15.13	 15.23	 15.33	 15.43	 15.53	 16.03	 16.14	 16.29	 16.44	 16.59	 17.14	 17.29	 17.44	 17.59	 18.14	 18.29	 18.44	 18.59	 19.14	 19.29	 19.44	 19.59	    -	 20.29	    -	 20.59	    -	 21.29	    -	 21.59	    -	 22.29	    -	 22.59	    -	 23.29	    -	 23.59	 24.29	    -	    -	    -
13	1255	Heilmeyersteige	2	 05.25	 05.45	    -	 06.15	 06.30	 06.45	 07.00	 07.15	 07.30	 07.45	 08.00	 08.15	 08.30	 08.45	 09.00	 09.15	 09.30	 09.45	 10.00	 10.14	 10.24	 10.34	 10.44	 10.54	 11.04	 11.14	 11.24	 11.34	 11.44	 11.54	 12.04	 12.14	 12.24	 12.34	 12.44	 12.54	 13.04	 13.14	 13.24	 13.34	 13.44	 13.54	 14.04	 14.14	 14.24	 14.34	 14.44	 14.54	 15.04	 15.14	 15.24	 15.34	 15.44	 15.54	 16.04	 16.15	 16.30	 16.45	 17.00	 17.15	 17.30	 17.45	 18.00	 18.15	 18.30	 18.45	 19.00	 19.15	 19.30	 19.45	 20.00	    -	 20.30	    -	 21.00	    -	 21.30	    -	 22.00	    -	 22.30	    -	 23.00	    -	 23.30	    -	 24.00	 24.30	    -	    -	    -
14	1266	Ehrensteiner Feld	2	 05.26	 05.46	    -	 06.16	 06.31	 06.46	 07.01	 07.16	 07.31	 07.46	 08.01	 08.16	 08.31	 08.46	 09.01	 09.16	 09.31	 09.46	 10.01	 10.15	 10.25	 10.35	 10.45	 10.55	 11.05	 11.15	 11.25	 11.35	 11.45	 11.55	 12.05	 12.15	 12.25	 12.35	 12.45	 12.55	 13.05	 13.15	 13.25	 13.35	 13.45	 13.55	 14.05	 14.15	 14.25	 14.35	 14.45	 14.55	 15.05	 15.15	 15.25	 15.35	 15.45	 15.55	 16.05	 16.16	 16.31	 16.46	 17.01	 17.16	 17.31	 17.46	 18.01	 18.16	 18.31	 18.46	 19.01	 19.16	 19.31	 19.46	 20.01	    -	 20.31	    -	 21.01	    -	 21.31	    -	 22.01	    -	 22.31	    -	 23.01	    -	 23.31	    -	 24.01	 24.31	    -	    -	    -
15	1265	Veltlinerweg	2	 05.27	 05.47	    -	 06.17	 06.32	 06.47	 07.02	 07.17	 07.32	 07.47	 08.02	 08.17	 08.32	 08.47	 09.02	 09.17	 09.32	 09.47	 10.02	 10.16	 10.26	 10.36	 10.46	 10.56	 11.06	 11.16	 11.26	 11.36	 11.46	 11.56	 12.06	 12.16	 12.26	 12.36	 12.46	 12.56	 13.06	 13.16	 13.26	 13.36	 13.46	 13.56	 14.06	 14.16	 14.26	 14.36	 14.46	 14.56	 15.06	 15.16	 15.26	 15.36	 15.46	 15.56	 16.06	 16.17	 16.32	 16.47	 17.02	 17.17	 17.32	 17.47	 18.02	 18.17	 18.32	 18.47	 19.02	 19.17	 19.32	 19.47	 20.02	    -	 20.32	    -	 21.02	    -	 21.32	    -	 22.02	    -	 22.32	    -	 23.02	    -	 23.32	    -	 24.02	 24.32	    -	    -	    -
16	1260	Rul‰nderweg	2	 05.28	 05.48	    -	 06.18	 06.33	 06.48	 07.03	 07.18	 07.33	 07.48	 08.03	 08.18	 08.33	 08.48	 09.03	 09.18	 09.33	 09.48	 10.03	 10.17	 10.27	 10.37	 10.47	 10.57	 11.07	 11.17	 11.27	 11.37	 11.47	 11.57	 12.07	 12.17	 12.27	 12.37	 12.47	 12.57	 13.07	 13.17	 13.27	 13.37	 13.47	 13.57	 14.07	 14.17	 14.27	 14.37	 14.47	 14.57	 15.07	 15.17	 15.27	 15.37	 15.47	 15.57	 16.07	 16.18	 16.33	 16.48	 17.03	 17.18	 17.33	 17.48	 18.03	 18.18	 18.33	 18.48	 19.03	 19.18	 19.33	 19.48	 20.03	    -	 20.33	    -	 21.03	    -	 21.33	    -	 22.03	    -	 22.33	    -	 23.03	    -	 23.33	    -	 24.03	 24.33	    -	    -	    -
17	1281	Stachelbeerweg	2	 05.29	 05.49	    -	 06.19	 06.34	 06.49	 07.04	 07.19	 07.34	 07.49	 08.04	 08.19	 08.34	 08.49	 09.04	 09.19	 09.34	 09.49	 10.04	 10.18	 10.28	 10.38	 10.48	 10.58	 11.08	 11.18	 11.28	 11.38	 11.48	 11.58	 12.08	 12.18	 12.28	 12.38	 12.48	 12.58	 13.08	 13.18	 13.28	 13.38	 13.48	 13.58	 14.08	 14.18	 14.28	 14.38	 14.48	 14.58	 15.08	 15.18	 15.28	 15.38	 15.48	 15.58	 16.08	 16.19	 16.34	 16.49	 17.04	 17.19	 17.34	 17.49	 18.04	 18.19	 18.34	 18.49	 19.04	 19.19	 19.34	 19.49	 20.04	    -	 20.34	    -	 21.04	    -	 21.34	    -	 22.04	    -	 22.34	    -	 23.04	    -	 23.34	    -	 24.04	 24.34	    -	    -	    -
18	1210	Burgunderweg	2	 05.30	 05.50	    -	 06.20	 06.35	 06.50	 07.05	 07.20	 07.35	 07.50	 08.05	 08.20	 08.35	 08.50	 09.05	 09.20	 09.35	 09.50	 10.05	 10.19	 10.29	 10.39	 10.49	 10.59	 11.09	 11.19	 11.29	 11.39	 11.49	 11.59	 12.09	 12.19	 12.29	 12.39	 12.49	 12.59	 13.09	 13.19	 13.29	 13.39	 13.49	 13.59	 14.09	 14.19	 14.29	 14.39	 14.49	 14.59	 15.09	 15.19	 15.29	 15.39	 15.49	 15.59	 16.09	 16.20	 16.35	 16.50	 17.05	 17.20	 17.35	 17.50	 18.05	 18.20	 18.35	 18.50	 19.05	 19.20	 19.35	 19.50	 20.05	    -	 20.35	    -	 21.05	    -	 21.35	    -	 22.05	    -	 22.35	    -	 23.05	    -	 23.35	    -	 24.05	 24.35	    -	    -	    -
19	1202	Multscherschule	2	 05.31	 05.51	    -	 06.21	 06.36	 06.51	 07.06	 07.21	 07.36	 07.51	 08.06	 08.21	 08.36	 08.51	 09.06	 09.21	 09.36	 09.51	 10.06	 10.20	 10.30	 10.40	 10.50	 11.00	 11.10	 11.20	 11.30	 11.40	 11.50	 12.00	 12.10	 12.20	 12.30	 12.40	 12.50	 13.00	 13.10	 13.20	 13.30	 13.40	 13.50	 14.00	 14.10	 14.20	 14.30	 14.40	 14.50	 15.00	 15.10	 15.20	 15.30	 15.40	 15.50	 16.00	 16.10	 16.21	 16.36	 16.51	 17.06	 17.21	 17.36	 17.51	 18.06	 18.21	 18.36	 18.51	 19.06	 19.21	 19.36	 19.51	 20.06	    -	 20.36	    -	 21.06	    -	 21.36	    -	 22.06	    -	 22.36	    -	 23.06	    -	 23.36	    -	 24.06	 24.36	    -	    -	    -
20	1232	Lehrer Tal	2	 05.32	 05.52	    -	 06.22	 06.37	 06.52	 07.07	 07.22	 07.37	 07.52	 08.07	 08.22	 08.37	 08.52	 09.07	 09.22	 09.37	 09.52	 10.07	 10.21	 10.31	 10.41	 10.51	 11.01	 11.11	 11.21	 11.31	 11.41	 11.51	 12.01	 12.11	 12.21	 12.31	 12.41	 12.51	 13.01	 13.11	 13.21	 13.31	 13.41	 13.51	 14.01	 14.11	 14.21	 14.31	 14.41	 14.51	 15.01	 15.11	 15.21	 15.31	 15.41	 15.51	 16.01	 16.11	 16.22	 16.37	 16.52	 17.07	 17.22	 17.37	 17.52	 18.07	 18.22	 18.37	 18.52	 19.07	 19.22	 19.37	 19.52	 20.07	    -	 20.37	    -	 21.07	    -	 21.37	    -	 22.07	    -	 22.37	    -	 23.07	    -	 23.37	    -	 24.07	 24.37	    -	    -	    -
21	1039	Kienlesberg	2	 05.33	 05.53	    -	 06.23	 06.38	 06.53	 07.08	 07.23	 07.38	 07.53	 08.08	 08.23	 08.38	 08.53	 09.08	 09.23	 09.38	 09.53	 10.08	 10.22	 10.32	 10.42	 10.52	 11.02	 11.12	 11.22	 11.32	 11.42	 11.52	 12.02	 12.12	 12.22	 12.32	 12.42	 12.52	 13.02	 13.12	 13.22	 13.32	 13.42	 13.52	 14.02	 14.12	 14.22	 14.32	 14.42	 14.52	 15.02	 15.12	 15.22	 15.32	 15.42	 15.52	 16.02	 16.12	 16.23	 16.38	 16.53	 17.08	 17.23	 17.38	 17.53	 18.08	 18.23	 18.38	 18.53	 19.08	 19.23	 19.38	 19.53	 20.08	    -	 20.38	    -	 21.08	    -	 21.38	    -	 22.08	    -	 22.38	    -	 23.08	    -	 23.38	    -	 24.08	 24.38	    -	    -	    -
22	1010	Theater	4	 05.35	 05.55	    -	 06.25	 06.40	 06.55	 07.10	 07.25	 07.40	 07.55	 08.10	 08.25	 08.40	 08.55	 09.10	 09.25	 09.40	 09.55	 10.10	 10.24	 10.34	 10.44	 10.54	 11.04	 11.14	 11.24	 11.34	 11.44	 11.54	 12.04	 12.14	 12.24	 12.34	 12.44	 12.54	 13.04	 13.14	 13.24	 13.34	 13.44	 13.54	 14.04	 14.14	 14.24	 14.34	 14.44	 14.54	 15.04	 15.14	 15.24	 15.34	 15.44	 15.54	 16.04	 16.14	 16.25	 16.40	 16.55	 17.10	 17.25	 17.40	 17.55	 18.10	 18.25	 18.40	 18.55	 19.10	 19.25	 19.40	 19.55	 20.10	    -	 20.40	    -	 21.10	    -	 21.40	    -	 22.10	    -	 22.40	    -	 23.10	    -	 23.40	    -	 24.10	 24.40	    -	    -	    -
23	1008	Hauptbahnhof	2	 05.37	 05.57	 06.12	 06.27	 06.42	 06.57	 07.12	 07.27	 07.42	 07.57	 08.12	 08.27	 08.42	 08.57	 09.12	 09.27	 09.42	 09.57	 10.12	 10.26	 10.36	 10.46	 10.56	 11.06	 11.16	 11.26	 11.36	 11.46	 11.56	 12.06	 12.16	 12.26	 12.36	 12.46	 12.56	 13.06	 13.16	 13.26	 13.36	 13.46	 13.56	 14.06	 14.16	 14.26	 14.36	 14.46	 14.56	 15.06	 15.16	 15.26	 15.36	 15.46	 15.56	 16.06	 16.16	 16.27	 16.42	 16.57	 17.12	 17.27	 17.42	 17.57	 18.12	 18.27	 18.42	 18.57	 19.12	 19.27	 19.42	 19.57	 20.12	 20.32	 20.42	 21.02	 21.12	 21.32	 21.42	 22.02	 22.12	 22.32	 22.42	 23.02	 23.12	 23.32	 23.42	 24.02	 24.12	 24.42	    -	 24.32	    -
24	1001	Steinerne Br¸cke	1	 05.40	 06.00	 06.15	 06.30	 06.45	 07.00	 07.15	 07.30	 07.45	 08.00	 08.15	 08.30	 08.45	 09.00	 09.15	 09.30	 09.45	 10.00	 10.15	 10.29	 10.39	 10.49	 10.59	 11.09	 11.19	 11.29	 11.39	 11.49	 11.59	 12.09	 12.19	 12.29	 12.39	 12.49	 12.59	 13.09	 13.19	 13.29	 13.39	 13.49	 13.59	 14.09	 14.19	 14.29	 14.39	 14.49	 14.59	 15.09	 15.19	 15.29	 15.39	 15.49	 15.59	 16.09	 16.19	 16.30	 16.45	 17.00	 17.15	 17.30	 17.45	 18.00	 18.15	 18.30	 18.45	 19.00	 19.15	 19.30	 19.45	 20.00	 20.15	 20.35	 20.45	 21.05	 21.15	 21.35	 21.45	 22.05	 22.15	 22.35	 22.45	 23.05	 23.15	 23.35	 23.45	 24.05	 24.15	 24.45	    -	 24.35	    -
25	1002	Rathaus Ulm	1	 05.41	 06.01	 06.16	 06.31	 06.46	 07.01	 07.16	 07.31	 07.46	 08.01	 08.16	 08.31	 08.46	 09.01	 09.16	 09.31	 09.46	 10.01	 10.16	 10.30	 10.40	 10.50	 11.00	 11.10	 11.20	 11.30	 11.40	 11.50	 12.00	 12.10	 12.20	 12.30	 12.40	 12.50	 13.00	 13.10	 13.20	 13.30	 13.40	 13.50	 14.00	 14.10	 14.20	 14.30	 14.40	 14.50	 15.00	 15.10	 15.20	 15.30	 15.40	 15.50	 16.00	 16.10	 16.20	 16.31	 16.46	 17.01	 17.16	 17.31	 17.46	 18.01	 18.16	 18.31	 18.46	 19.01	 19.16	 19.31	 19.46	 20.01	 20.16	 20.37	 20.47	 21.07	 21.17	 21.37	 21.47	 22.07	 22.17	 22.37	 22.47	 23.07	 23.17	 23.37	 23.47	 24.07	 24.17	 24.47	    -	 24.37	    -
26	1015	Herdbruckerstraﬂe	2	 05.43	 06.03	 06.18	 06.33	 06.48	 07.03	 07.18	 07.33	 07.48	 08.03	 08.18	 08.33	 08.48	 09.03	 09.18	 09.33	 09.48	 10.03	 10.18	 10.32	 10.42	 10.52	 11.02	 11.12	 11.22	 11.32	 11.42	 11.52	 12.02	 12.12	 12.22	 12.32	 12.42	 12.52	 13.02	 13.12	 13.22	 13.32	 13.42	 13.52	 14.02	 14.12	 14.22	 14.32	 14.42	 14.52	 15.02	 15.12	 15.22	 15.32	 15.42	 15.52	 16.02	 16.12	 16.22	 16.33	 16.48	 17.03	 17.18	 17.33	 17.48	 18.03	 18.18	 18.33	 18.48	 19.03	 19.18	 19.33	 19.48	 20.03	 20.18	 20.39	 20.49	 21.09	 21.19	 21.39	 21.49	 22.09	 22.19	 22.39	 22.49	 23.09	 23.19	 23.39	 23.49	 24.09	 24.19	 24.49	    -	 24.39	    -
27	1708	Petrusplatz	2	 05.44	 06.04	 06.19	 06.34	 06.49	 07.04	 07.19	 07.34	 07.49	 08.04	 08.19	 08.34	 08.49	 09.04	 09.19	 09.34	 09.49	 10.04	 10.19	 10.33	 10.43	 10.53	 11.03	 11.13	 11.23	 11.33	 11.43	 11.53	 12.03	 12.13	 12.23	 12.33	 12.43	 12.53	 13.03	 13.13	 13.23	 13.33	 13.43	 13.53	 14.03	 14.13	 14.23	 14.33	 14.43	 14.53	 15.03	 15.13	 15.23	 15.33	 15.43	 15.53	 16.03	 16.13	 16.23	 16.34	 16.49	 17.04	 17.19	 17.34	 17.49	 18.04	 18.19	 18.34	 18.49	 19.04	 19.19	 19.34	 19.49	 20.04	 20.19	 20.40	 20.50	 21.10	 21.20	 21.40	 21.50	 22.10	 22.20	 22.40	 22.50	 23.10	 23.20	 23.40	 23.50	 24.10	 24.20	 24.50	    -	 24.40	    -
28	1710	Rathaus Neu-Ulm	2	 05.45	 06.05	 06.20	 06.35	 06.50	 07.05	 07.20	 07.35	 07.50	 08.05	 08.20	 08.35	 08.50	 09.05	 09.20	 09.35	 09.50	 10.05	 10.20	 10.34	 10.44	 10.54	 11.04	 11.14	 11.24	 11.34	 11.44	 11.54	 12.04	 12.14	 12.24	 12.34	 12.44	 12.54	 13.04	 13.14	 13.24	 13.34	 13.44	 13.54	 14.04	 14.14	 14.24	 14.34	 14.44	 14.54	 15.04	 15.14	 15.24	 15.34	 15.44	 15.54	 16.04	 16.14	 16.24	 16.35	 16.50	 17.05	 17.20	 17.35	 17.50	 18.05	 18.20	 18.35	 18.50	 19.05	 19.20	 19.35	 19.50	 20.05	 20.20	 20.41	 20.51	 21.11	 21.21	 21.41	 21.51	 22.11	 22.21	 22.41	 22.51	 23.11	 23.21	 23.41	 23.51	 24.11	 24.21	 24.51	    -	 24.41	    -
29	1700	ZUP	7	 05.47	 06.07	 06.22	 06.37	 06.52	 07.07	 07.22	 07.37	 07.52	 08.07	 08.22	 08.37	 08.52	 09.07	 09.22	 09.37	 09.52	 10.07	 10.22	 10.36	 10.46	 10.56	 11.06	 11.16	 11.26	 11.36	 11.46	 11.56	 12.06	 12.16	 12.26	 12.36	 12.46	 12.56	 13.06	 13.16	 13.26	 13.36	 13.46	 13.56	 14.06	 14.16	 14.26	 14.36	 14.46	 14.56	 15.06	 15.16	 15.26	 15.36	 15.46	 15.56	 16.06	 16.16	 16.26	 16.37	 16.52	 17.07	 17.22	 17.37	 17.52	 18.07	 18.22	 18.37	 18.52	 19.07	 19.22	 19.37	 19.52	 20.07	 20.22	 20.42	 20.52	 21.12	 21.22	 21.42	 21.52	 22.12	 22.22	 22.42	 22.52	 23.12	 23.22	 23.42	 23.52	 24.12	 24.22	 24.52	    -	 24.42	    -
30	1729	Meininger Allee	2	    $	 06.08	    $	 06.38	    $	 07.08	    $	 07.38	    $	 08.08	    $	 08.38	    $	 09.08	    $	 09.38	    $	 10.08	 10.23	    $	 10.47	    $	 11.07	    $	 11.27	    $	 11.47	    $	 12.07	    $	 12.27	    $	 12.47	    $	 13.07	    $	 13.27	    $	 13.47	    $	 14.07	    $	 14.27	    $	 14.47	    $	 15.07	    $	 15.27	    $	 15.47	    $	 16.07	    $	 16.27	 16.38	    $	 17.08	    $	 17.38	    $	 18.08	    $	 18.38	    $	 19.08	    $	 19.38	    $	 20.08	    $	 20.43	    $	 21.13	    $	 21.43	    $	 22.13	    $	 22.43	    $	 23.13	    $	 23.43	    $	 24.13	    $	    $	    -	 24.43	    -
31	1719	Waldeck	2	    $	 06.09	    $	 06.39	    $	 07.09	    $	 07.39	    $	 08.09	    $	 08.39	    $	 09.09	    $	 09.39	    $	 10.09	 10.24	    $	 10.48	    $	 11.08	    $	 11.28	    $	 11.48	    $	 12.08	    $	 12.28	    $	 12.48	    $	 13.08	    $	 13.28	    $	 13.48	    $	 14.08	    $	 14.28	    $	 14.48	    $	 15.08	    $	 15.28	    $	 15.48	    $	 16.08	    $	 16.28	 16.39	    $	 17.09	    $	 17.39	    $	 18.09	    $	 18.39	    $	 19.09	    $	 19.39	    $	 20.09	    $	 20.44	    $	 21.14	    $	 21.44	    $	 22.14	    $	 22.44	    $	 23.14	    $	 23.44	    $	 24.14	    $	    $	    -	 24.44	    -
32	1731	Steubenstraﬂe	2	    $	 06.12	    $	 06.42	    $	 07.12	    $	 07.42	    $	 08.12	    $	 08.42	    $	 09.12	    $	 09.42	    $	 10.12	 10.27	    $	 10.51	    $	 11.11	    $	 11.31	    $	 11.51	    $	 12.11	    $	 12.31	    $	 12.51	    $	 13.11	    $	 13.31	    $	 13.51	    $	 14.11	    $	 14.31	    $	 14.51	    $	 15.11	    $	 15.31	    $	 15.51	    $	 16.11	    $	 16.31	 16.42	    $	 17.12	    $	 17.42	    $	 18.12	    $	 18.42	    $	 19.12	    $	 19.42	    $	 20.12	    $	 20.46	    $	 21.16	    $	 21.46	    $	 22.16	    $	 22.46	    $	 23.16	    $	 23.46	    $	 24.16	    $	    $	    -	 24.46	    -
33	1732	Escheugraben	2	    $	 06.13	    $	 06.43	    $	 07.13	    $	 07.43	    $	 08.13	    $	 08.43	    $	 09.13	    $	 09.43	    $	 10.13	 10.28	    $	 10.52	    $	 11.12	    $	 11.32	    $	 11.52	    $	 12.12	    $	 12.32	    $	 12.52	    $	 13.12	    $	 13.32	    $	 13.52	    $	 14.12	    $	 14.32	    $	 14.52	    $	 15.12	    $	 15.32	    $	 15.52	    $	 16.12	    $	 16.32	 16.43	    $	 17.13	    $	 17.43	    $	 18.13	    $	 18.43	    $	 19.13	    $	 19.43	    $	 20.13	    $	 20.47	    $	 21.17	    $	 21.47	    $	 22.17	    $	 22.47	    $	 23.17	    $	 23.47	    $	 24.17	    $	    $	    -	 24.47	    -
34	1733	Riedstraﬂe	2	    $	 06.14	    $	 06.44	    $	 07.14	    $	 07.44	    $	 08.14	    $	 08.44	    $	 09.14	    $	 09.44	    $	 10.14	 10.29	    $	 10.53	    $	 11.13	    $	 11.33	    $	 11.53	    $	 12.13	    $	 12.33	    $	 12.53	    $	 13.13	    $	 13.33	    $	 13.53	    $	 14.13	    $	 14.33	    $	 14.53	    $	 15.13	    $	 15.33	    $	 15.53	    $	 16.13	    $	 16.33	 16.44	    $	 17.14	    $	 17.44	    $	 18.14	    $	 18.44	    $	 19.14	    $	 19.44	    $	 20.14	    $	 20.48	    $	 21.18	    $	 21.48	    $	 22.18	    $	 22.48	    $	 23.18	    $	 23.48	    $	 24.18	    $	    $	    -	 24.48	    -
35	1734	Bradleystraﬂe	2	    $	 06.15	    $	 06.45	    $	 07.15	    $	 07.45	    $	 08.15	    $	 08.45	    $	 09.15	    $	 09.45	    $	 10.15	 10.30	    $	 10.54	    $	 11.14	    $	 11.34	    $	 11.54	    $	 12.14	    $	 12.34	    $	 12.54	    $	 13.14	    $	 13.34	    $	 13.54	    $	 14.14	    $	 14.34	    $	 14.54	    $	 15.14	    $	 15.34	    $	 15.54	    $	 16.14	    $	 16.34	 16.45	    $	 17.15	    $	 17.45	    $	 18.15	    $	 18.45	    $	 19.15	    $	 19.45	    $	 20.15	    $	 20.49	    $	 21.19	    $	 21.49	    $	 22.19	    $	 22.49	    $	 23.19	    $	 23.49	    $	 24.19	    $	    $	    -	 24.49	    -
36	1735	Marlene-Dietrich-Straﬂe	2	    $	 06.16	    $	 06.46	    $	 07.16	    $	 07.46	    $	 08.16	    $	 08.46	    $	 09.16	    $	 09.46	    $	 10.16	 10.31	    $	 10.55	    $	 11.15	    $	 11.35	    $	 11.55	    $	 12.15	    $	 12.35	    $	 12.55	    $	 13.15	    $	 13.35	    $	 13.55	    $	 14.15	    $	 14.35	    $	 14.55	    $	 15.15	    $	 15.35	    $	 15.55	    $	 16.15	    $	 16.35	 16.46	    $	 17.16	    $	 17.46	    $	 18.16	    $	 18.46	    $	 19.16	    $	 19.46	    $	 20.16	    $	 20.50	    $	 21.20	    $	 21.50	    $	 22.20	    $	 22.50	    $	 23.20	    $	 23.50	    $	 24.20	    $	    $	    -	 24.50	    -
37	1736	Wiley Club	2	    $	 06.17	    $	 06.47	    $	 07.17	    $	 07.47	    $	 08.17	    $	 08.47	    $	 09.17	    $	 09.47	    $	 10.17	 10.32	    $	 10.56	    $	 11.16	    $	 11.36	    $	 11.56	    $	 12.16	    $	 12.36	    $	 12.56	    $	 13.16	    $	 13.36	    $	 13.56	    $	 14.16	    $	 14.36	    $	 14.56	    $	 15.16	    $	 15.36	    $	 15.56	    $	 16.16	    $	 16.36	 16.47	    $	 17.17	    $	 17.47	    $	 18.17	    $	 18.47	    $	 19.17	    $	 19.47	    $	 20.17	    $	 20.51	    $	 21.21	    $	 21.51	    $	 22.21	    $	 22.51	    $	 23.21	    $	 23.51	    $	 24.21	    $	    $	    -	 24.51	    -
38	1743	Neue Hochschule	2	    $	 06.18	    $	 06.48	    $	 07.18	    $	 07.48	    $	 08.18	    $	 08.48	    $	 09.18	    $	 09.48	    $	 10.18	 10.33	    $	 10.57	    $	 11.17	    $	 11.37	    $	 11.57	    $	 12.17	    $	 12.37	    $	 12.57	    $	 13.17	    $	 13.37	    $	 13.57	    $	 14.17	    $	 14.37	    $	 14.57	    $	 15.17	    $	 15.37	    $	 15.57	    $	 16.17	    $	 16.37	 16.48	    $	 17.18	    $	 17.48	    $	 18.18	    $	 18.48	    $	 19.18	    $	 19.48	    $	 20.18	    $	 20.52	    $	 21.22	    $	 21.52	    $	 22.22	    $	 22.52	    $	 23.22	    $	 23.52	    $	 24.22	    $	    $	    -	 24.52	    -
39	1744	Washingtonallee	1	    $	 06.19	    $	 06.49	    $	 07.19	    $	 07.49	    $	 08.19	    $	 08.49	    $	 09.19	    $	 09.49	    $	 10.19	 10.34	    $	 10.58	    $	 11.18	    $	 11.38	    $	 11.58	    $	 12.18	    $	 12.38	    $	 12.58	    $	 13.18	    $	 13.38	    $	 13.58	    $	 14.18	    $	 14.38	    $	 14.58	    $	 15.18	    $	 15.38	    $	 15.58	    $	 16.18	    $	 16.38	 16.49	    $	 17.19	    $	 17.49	    $	 18.19	    $	 18.49	    $	 19.19	    $	 19.49	    $	 20.19	    $	 20.53	    $	 21.23	    $	 21.53	    $	 22.23	    $	 22.53	    $	 23.23	    $	 23.53	    $	 24.23	    $	    $	    -	 24.53	    -
40	1741	Fachoberschule	2	 05.49	    -	 06.24	    -	 06.54	    -	 07.24	    -	 07.54	    -	 08.24	    -	 08.54	    -	 09.24	    -	 09.54	    -	    -	 10.38	    -	 10.58	    -	 11.18	    -	 11.38	    -	 11.58	    -	 12.18	    -	 12.38	    -	 12.58	    -	 13.18	    -	 13.38	    -	 13.58	    -	 14.18	    -	 14.38	    -	 14.58	    -	 15.18	    -	 15.38	    -	 15.58	    -	 16.18	    -	    -	 16.54	    -	 17.24	    -	 17.54	    -	 18.24	    -	 18.54	    -	 19.24	    -	 19.54	    -	 20.24	    -	 20.53	    -	 21.23	    -	 21.53	    -	 22.23	    -	 22.53	    -	 23.23	    -	 23.53	    -	 24.23	 24.53	    -	    -	    -
41	1724	Memminger Straﬂe	2	 05.50	    -	 06.25	    -	 06.55	    -	 07.25	    -	 07.55	    -	 08.25	    -	 08.55	    -	 09.25	    -	 09.55	    -	    -	 10.39	    -	 10.59	    -	 11.19	    -	 11.39	    -	 11.59	    -	 12.19	    -	 12.39	    -	 12.59	    -	 13.19	    -	 13.39	    -	 13.59	    -	 14.19	    -	 14.39	    -	 14.59	    -	 15.19	    -	 15.39	    -	 15.59	    -	 16.19	    -	    -	 16.55	    -	 17.25	    -	 17.55	    -	 18.25	    -	 18.55	    -	 19.25	    -	 19.55	    -	 20.25	    -	 20.54	    -	 21.24	    -	 21.54	    -	 22.24	    -	 22.54	    -	 23.24	    -	 23.54	    -	 24.24	 24.54	    -	    -	    -
42	1742	Dietrich-Kino	2	 05.50	    -	 06.25	    -	 06.55	    -	 07.25	    -	 07.55	    -	 08.25	    -	 08.55	    -	 09.25	    -	 09.55	    -	    -	 10.39	    -	 10.59	    -	 11.19	    -	 11.39	    -	 11.59	    -	 12.19	    -	 12.39	    -	 12.59	    -	 13.19	    -	 13.39	    -	 13.59	    -	 14.19	    -	 14.39	    -	 14.59	    -	 15.19	    -	 15.39	    -	 15.59	    -	 16.19	    -	    -	 16.55	    -	 17.25	    -	 17.55	    -	 18.25	    -	 18.55	    -	 19.25	    -	 19.55	    -	 20.25	    -	 20.54	    -	 21.24	    -	 21.54	    -	 22.24	    -	 22.54	    -	 23.24	    -	 23.54	    -	 24.24	 24.54	    -	    -	    -
43	1725	Edisoncenter	2	 05.52	    -	 06.27	    -	 06.57	    -	 07.27	    -	 07.57	    -	 08.27	    -	 08.57	    -	 09.27	    -	 09.57	    -	    -	 10.41	    -	 11.01	    -	 11.21	    -	 11.41	    -	 12.01	    -	 12.21	    -	 12.41	    -	 13.01	    -	 13.21	    -	 13.41	    -	 14.01	    -	 14.21	    -	 14.41	    -	 15.01	    -	 15.21	    -	 15.41	    -	 16.01	    -	 16.21	    -	    -	 16.57	    -	 17.27	    -	 17.57	    -	 18.27	    -	 18.57	    -	 19.27	    -	 19.57	    -	 20.27	    -	 20.56	    -	 21.26	    -	 21.56	    -	 22.26	    -	 22.56	    -	 23.26	    -	 23.56	    -	 24.26	 24.56	    -	    -	    -
44	1743	Neue Hochschule	2	 05.52	    -	 06.27	    -	 06.57	    -	 07.27	    -	 07.57	    -	 08.27	    -	 08.57	    -	 09.27	    -	 09.57	    -	    -	 10.41	    -	 11.01	    -	 11.21	    -	 11.41	    -	 12.01	    -	 12.21	    -	 12.41	    -	 13.01	    -	 13.21	    -	 13.41	    -	 14.01	    -	 14.21	    -	 14.41	    -	 15.01	    -	 15.21	    -	 15.41	    -	 16.01	    -	 16.21	    -	    -	 16.57	    -	 17.27	    -	 17.57	    -	 18.27	    -	 18.57	    -	 19.27	    -	 19.57	    -	 20.27	    -	 20.56	    -	 21.26	    -	 21.56	    -	 22.26	    -	 22.56	    -	 23.26	    -	 23.56	    -	 24.26	 24.56	    -	    -	    -
45	1727	Wiley S¸d	2	 05.53	    -	 06.28	    -	 06.58	    -	 07.28	    -	 07.58	    -	 08.28	    -	 08.58	    -	 09.28	    -	 09.58	    -	    -	 10.42	    -	 11.02	    -	 11.22	    -	 11.42	    -	 12.02	    -	 12.22	    -	 12.42	    -	 13.02	    -	 13.22	    -	 13.42	    -	 14.02	    -	 14.22	    -	 14.42	    -	 15.02	    -	 15.22	    -	 15.42	    -	 16.02	    -	 16.22	    -	    -	 16.58	    -	 17.28	    -	 17.58	    -	 18.28	    -	 18.58	    -	 19.28	    -	 19.58	    -	 20.28	    -	 20.57	    -	 21.27	    -	 21.57	    -	 22.27	    -	 22.57	    -	 23.27	    -	 23.57	    -	 24.27	 24.57	    -	    -	    -
46	1772	Danziger Straﬂe	2	 05.55	    -	 06.30	    -	 07.00	    -	 07.30	    -	 08.00	    -	 08.30	    -	 09.00	    -	 09.30	    -	 10.00	    -	    -	 10.44	    -	 11.04	    -	 11.24	    -	 11.44	    -	 12.04	    -	 12.24	    -	 12.44	    -	 13.04	    -	 13.24	    -	 13.44	    -	 14.04	    -	 14.24	    -	 14.44	    -	 15.04	    -	 15.24	    -	 15.44	    -	 16.04	    -	 16.24	    -	    -	 17.00	    -	 17.30	    -	 18.00	    -	 18.30	    -	 19.00	    -	 19.30	    -	 20.00	    -	 20.30	    -	 20.59	    -	 21.29	    -	 21.59	    -	 22.29	    -	 22.59	    -	 23.29	    -	 23.59	    -	 24.29	 24.59	    -	    -	    -
47	1769	Reichenberger Straﬂe	2	 05.56	    -	 06.31	    -	 07.01	    -	 07.31	    -	 08.01	    -	 08.31	    -	 09.01	    -	 09.31	    -	 10.01	    -	    -	 10.45	    -	 11.05	    -	 11.25	    -	 11.45	    -	 12.05	    -	 12.25	    -	 12.45	    -	 13.05	    -	 13.25	    -	 13.45	    -	 14.05	    -	 14.25	    -	 14.45	    -	 15.05	    -	 15.25	    -	 15.45	    -	 16.05	    -	 16.25	    -	    -	 17.01	    -	 17.31	    -	 18.01	    -	 18.31	    -	 19.01	    -	 19.31	    -	 20.01	    -	 20.31	    -	 21.00	    -	 21.30	    -	 22.00	    -	 22.30	    -	 23.00	    -	 23.30	    -	 24.00	    -	 24.30	 25.00	    -	    -	    -
48	1768	Hafnerweg	2	 05.57	    -	 06.32	    -	 07.02	    -	 07.32	    -	 08.02	    -	 08.32	    -	 09.02	    -	 09.32	    -	 10.02	    -	    -	 10.46	    -	 11.06	    -	 11.26	    -	 11.46	    -	 12.06	    -	 12.26	    -	 12.46	    -	 13.06	    -	 13.26	    -	 13.46	    -	 14.06	    -	 14.26	    -	 14.46	    -	 15.06	    -	 15.26	    -	 15.46	    -	 16.06	    -	 16.26	    -	    -	 17.02	    -	 17.32	    -	 18.02	    -	 18.32	    -	 19.02	    -	 19.32	    -	 20.02	    -	 20.32	    -	 21.01	    -	 21.31	    -	 22.01	    -	 22.31	    -	 23.01	    -	 23.31	    -	 24.01	    -	 24.31	 25.01	    -	    -	    -
49	1767	Allg‰uer Straﬂe	2	 05.58	    -	 06.33	    -	 07.03	    -	 07.33	    -	 08.03	    -	 08.33	    -	 09.03	    -	 09.33	    -	 10.03	    -	    -	 10.47	    -	 11.07	    -	 11.27	    -	 11.47	    -	 12.07	    -	 12.27	    -	 12.47	    -	 13.07	    -	 13.27	    -	 13.47	    -	 14.07	    -	 14.27	    -	 14.47	    -	 15.07	    -	 15.27	    -	 15.47	    -	 16.07	    -	 16.27	    -	    -	 17.03	    -	 17.33	    -	 18.03	    -	 18.33	    -	 19.03	    -	 19.33	    -	 20.03	    -	 20.33	    -	 21.02	    -	 21.32	    -	 22.02	    -	 22.32	    -	 23.02	    -	 23.32	    -	 24.02	    -	 24.32	 25.02	    -	    -	    -
50	1771	Oberfeld	1	 05.59	    -	 06.34	    -	 07.04	    -	 07.34	    -	 08.04	    -	 08.34	    -	 09.04	    -	 09.34	    -	 10.04	    -	    -	 10.48	    -	 11.08	    -	 11.28	    -	 11.48	    -	 12.08	    -	 12.28	    -	 12.48	    -	 13.08	    -	 13.28	    -	 13.48	    -	 14.08	    -	 14.28	    -	 14.48	    -	 15.08	    -	 15.28	    -	 15.48	    -	 16.08	    -	 16.28	    -	    -	 17.04	    -	 17.34	    -	 18.04	    -	 18.34	    -	 19.04	    -	 19.34	    -	 20.04	    -	 20.34	    -	 21.03	    -	 21.33	    -	 22.03	    -	 22.33	    -	 23.03	    -	 23.33	    -	 24.03	    -	 24.33	 25.03	    -	    -	    -
51	1765	Hasenweg	1	 06.00	    -	 06.35	    -	 07.05	    -	 07.35	    -	 08.05	    -	 08.35	    -	 09.05	    -	 09.35	    -	 10.05	    -	    -	 10.49	    -	 11.09	    -	 11.29	    -	 11.49	    -	 12.09	    -	 12.29	    -	 12.49	    -	 13.09	    -	 13.29	    -	 13.49	    -	 14.09	    -	 14.29	    -	 14.49	    -	 15.09	    -	 15.29	    -	 15.49	    -	 16.09	    -	 16.29	    -	    -	 17.05	    -	 17.35	    -	 18.05	    -	 18.35	    -	 19.05	    -	 19.35	    -	 20.05	    -	 20.35	    -	 21.04	    -	 21.34	    -	 22.04	    -	 22.34	    -	 23.04	    -	 23.34	    -	 24.04	    -	 24.34	 25.04	    -	    -	    -
